"total_regret_mean","total_regret_lo_2_5","total_regret_hi_97_5","prop_optimal"
4.80327061319915,2.46285488889747,7.93610120364268,0.384615384615385
