"total_regret_mean","total_regret_lo_2_5","total_regret_hi_97_5","prop_optimal"
4.90657402027635,2.39771456142231,8.00200932527535,0.384615384615385
