"component","mean","lo_2_5","hi_97_5"
"p_make",0.769022555127924,0.760870264344811,0.777383440936525
"miss_ep",1.63848329117583,0.0342425998923365,3.16472924782986
"kick_ep",2.68562725410571,2.30369450598318,3.03818695650078
"lineout_ep_20m_shift",2.74005040472033,2.08796124419995,3.29657480918203
"delta_ep_20m_shift",0.054423150614618,-0.674308573843062,0.715426669568479
