"component","mean","lo_2_5","hi_97_5"
"p_make",0.769086899087929,0.761273847073664,0.776805333340161
"miss_ep",1.57169770365301,0.0943893949185447,3.09496176361268
"kick_ep",2.67020175204261,2.33290282293251,3.02190378914819
"lineout_ep_20m_shift",2.62960242427522,2.00925236382912,3.2000407792753
"delta_ep_20m_shift",-0.0405993277673928,-0.734133361324644,0.594932791427966
