"component","d_touch","mean","lo_2_5","hi_97_5"
"lineout_ep_d_touch_20m",20,1.68189403267229,1.24745670508163,2.16241243544881
"kick_attempt_ep",20,2.24227816025332,1.67479577240181,2.79089457681255
"delta_ep_d_touch_20m",20,-0.560384127581031,-1.28249773368951,0.20268527177284
