"component","d_touch","mean","lo_2_5","hi_97_5"
"lineout_ep_d_touch_20m",20,1.68286772284699,1.24635571130128,2.17932073918985
"kick_attempt_ep",20,2.24138364001408,1.6598177610049,2.76197848052904
"delta_ep_d_touch_20m",20,-0.55851591716709,-1.2940069178464,0.197455974837127
