"component","d_touch","mean","lo_2_5","hi_97_5"
"lineout_ep_d_touch_20m",20,1.6872996586601,1.25184965072608,2.20297624302464
"kick_attempt_ep",20,2.22197750710877,1.65030386157017,2.76286036852227
"delta_ep_d_touch_20m",20,-0.53467784844867,-1.25704430903542,0.248217615546312
