"component","d_touch","mean","lo_2_5","hi_97_5"
"lineout_ep_d_touch_20m",20,2.884776695078,2.34836012121655,3.42192612392427
"kick_attempt_ep",20,2.67986722127184,2.31051861799573,3.02509668203597
"delta_ep_d_touch_20m",20,0.204909473806163,-0.460782071845332,0.856594934048313
