"component","d_touch","mean","lo_2_5","hi_97_5"
"lineout_ep_d_touch_20m",20,2.890372449489,2.29569323814249,3.40906336473771
"kick_attempt_ep",20,2.68336165022361,2.31804200786986,3.0157673992558
"delta_ep_d_touch_20m",20,0.207010799265386,-0.492434419482138,0.861768090901561
