"component","d_touch","mean","lo_2_5","hi_97_5"
"lineout_ep_d_touch_20m",20,1.68838983978414,1.23603292700665,2.19848530759868
"kick_attempt_ep",20,2.22637118719353,1.65834256102849,2.75320700280406
"delta_ep_d_touch_20m",20,-0.537981347409388,-1.2265961952346,0.18801305229423
